Name,Slug,Content,Published on,Featured | Short Text
"""From Zero to YouTube Hero: A Beginner's Guide to Launching Your Channel""","""from-zero-to-youtube-hero:-a-beginner's-guide-to-launching-your-channel""","<h2>Starting a YouTube Channel: A Comprehensive Guide</h2>

<p>Starting a YouTube channel can be an exciting and rewarding endeavor. Whether you're looking to share your passion, build a brand, or generate income, YouTube offers a powerful platform to reach a global audience. Here's a step-by-step guide to help you get started:</p>

<h3>1. Define Your Niche and Content Strategy</h3>

<p>Before creating your channel, it's crucial to determine your niche and content strategy. Consider your interests, expertise, and target audience. Research popular topics in your chosen niche and identify gaps you can fill with your unique perspective.</p>

<img src=""https://img.perceptpixel.com/jdygueaf/w_1080,f_webp,q_auto:eco/Journey%20Screenshots/Community_creation_flow___step_3___choosing_a_topic_your_community_is_about.png"" alt=""Choosing a topic for your content"" />

<h3>2. Set Up Your YouTube Channel</h3>

<p>To create a YouTube channel, you'll need a Google account. Once logged in, click on your profile picture and select ""Create a channel."" Choose a channel name that reflects your brand or content focus.</p>

<h3>3. Optimize Your Channel</h3>

<p>Customize your channel's appearance by adding a profile picture, channel banner, and channel description. Use relevant keywords in your description to improve discoverability.</p>

<img src=""https://img.perceptpixel.com/jdygueaf/w_1080,f_webp,q_auto:eco/Journey%20Screenshots/Community_creation_flow___step_7___selecting_from_AI_generated_community_header_images_or_uploading_your_own.png"" alt=""Selecting a header image for your channel"" />

<h3>4. Plan and Create Content</h3>

<p>Develop a content calendar and start creating videos. Ensure your content is high-quality, engaging, and provides value to your viewers. Consistency is key, so aim to upload videos regularly.</p>

<h3>5. Invest in Equipment</h3>

<p>While you don't need expensive equipment to start, investing in a decent camera, microphone, and lighting can significantly improve your video quality.</p>

<h3>6. Learn Video Editing</h3>

<p>Familiarize yourself with video editing software to enhance your content. There are many free and paid options available, such as iMovie, DaVinci Resolve, or Adobe Premiere Pro.</p>

<h3>7. Optimize Your Videos</h3>

<p>Use descriptive titles, tags, and thumbnails for your videos. Write engaging descriptions that include relevant keywords to improve your videos' visibility in search results.</p>

<img src=""https://img.perceptpixel.com/jdygueaf/w_1080,f_webp,q_auto:eco/Journey%20Screenshots/Community_creation_flow___step_4___choosing_tags_to_help_people_discover_your_community.png"" alt=""Choosing tags for discoverability"" />

<h3>8. Engage with Your Audience</h3>

<p>Respond to comments, ask for feedback, and create content that encourages viewer interaction. Building a community around your channel can lead to increased loyalty and growth.</p>

<h3>9. Promote Your Channel</h3>

<p>Share your videos on social media platforms, participate in relevant online communities, and collaborate with other creators to expand your reach.</p>

<img src=""https://img.perceptpixel.com/jdygueaf/w_1080,f_webp,q_auto:eco/Journey%20Screenshots/Journey_community_share_invite_flow___step_1___sharing_link_to_community.png"" alt=""Sharing your content on social media"" />

<h3>10. Analyze and Adapt</h3>

<p>Use YouTube Analytics to track your channel's performance. Pay attention to metrics like watch time, audience retention, and engagement rates. Use these insights to refine your content strategy and improve your channel.</p>

<h3>11. Monetize Your Channel</h3>

<p>Once you meet YouTube's Partner Program requirements, you can start monetizing your channel through ads, sponsorships, merchandise, and more.</p>

<img src=""https://img.perceptpixel.com/jdygueaf/w_1080,f_webp,q_auto:eco/Journey%20Screenshots/Community_creation_flow___step_6___choosing_whether_to_charge_a_membership_fee_or_make_your_community_free_to_access.png"" alt=""Monetization options"" />

<p>Remember, building a successful YouTube channel takes time, effort, and patience. Stay committed to creating quality content, engaging with your audience, and continually improving your skills. With persistence and creativity, you can grow your channel and achieve your goals on YouTube.</p>",2024-07-18T09:41:28.696486,"<h2>Starting a YouTube Channel: A Comprehensive Guide</h2>

<p>Starting a YouTube channel can be an exciting and rewarding endeavor. Whether you're looking to share your passion, build a brand, or gen"
